{
	"Changes": [
	{
		"LogName": "Dialogue",
		"Action": "EditData",
		"Target": "Characters/Dialogue/SenS",
		"Entries": 	{
                //Gift Taste
    
                    //Category Gift Response
                    "AcceptGift_category_flowers": "{{i18n:Gifts.SenS.Cat.Flowers}}",
                    "AcceptGift_category_gem": "{{i18n:Gifts.SenS.Cat.Gems}}",
                    "AcceptGift_category_junk": "{{i18n:Gifts.SenS.Cat.Trash}}",
                    "AcceptGift_book_item": "{{i18n:Gifts.SenS.Tag.Book}}",
                    "AcceptGift_food_sweet": "{{i18n:Gifts.SenS.Tag.SweetFood}}",

                    //Specific Gift Response
                    "AcceptGift_(O)StardropTea": "{{i18n:Gifts.SenS.StardropTea}}",
                    "AcceptGift_(O)Book_Void": "{{i18n:Gifts.SenS.MonsterCompendium{{RelationshipTokens}}}}",
                    "AcceptGift_(O)Book_Trash": "{{i18n:Gifts.SenS.TheAlleywayBuffet}}",
                    "AcceptGift_(O)PurpleBook": "{{i18n:Gifts.SenS.BookOfStars}}",
                    "AcceptGift_(O)SkillBook_0": "{{i18n:Gifts.SenS.StardewValleyAlmanac}}",
                    "AcceptGift_(O)SkillBook_1": "{{i18n:Gifts.SenS.BaitAndBobber}}",
                    "AcceptGift_(O)SkillBook_2": "{{i18n:Gifts.SenS.WoodcuttersWeekly}}",
                    "AcceptGift_(O)SkillBook_3": "{{i18n:Gifts.SenS.MiningMonthly}}",
                    "AcceptGift_(O)SkillBook_4": "{{i18n:Gifts.SenS.CombatQuarterly}}",
                    "AcceptGift_(O)Book_Crabbing": "{{i18n:Gifts.SenS.TheArtOCrabbing}}",
                    "AcceptGift_(O)Book_Bombs": "{{i18n:Gifts.SenS.DwarvishSafetyManual}}",
                    "AcceptGift_(O)Book_Roe": "{{i18n:Gifts.SenS.JewelsOfTheSea}}",
                    "AcceptGift_(O)Book_WildSeeds": "{{i18n:Gifts.SenS.RaccoonJournal}}",
                    "AcceptGift_(O)Book_Woodcutting": "{{i18n:Gifts.SenS.WoodysSecret}}",
                    "AcceptGift_(O)Book_Defense": "{{i18n:Gifts.SenS.JBNJBT}}",
                    "AcceptGift_(O)Book_Friendship": "{{i18n:Gifts.SenS.Friendship101}}",
                    "AcceptGift_(O)Book_Speed": "{{i18n:Gifts.SenS.WayOfTheWind1}}",
                    "AcceptGift_(O)Book_Speed2": "{{i18n:Gifts.SenS.WayOfTheWind2}}",
                    "AcceptGift_(O)Book_Marlon": "{{i18n:Gifts.SenS.MappingCaveSystems}}",
                    "AcceptGift_(O)Book_PriceCatalogue": "{{i18n:Gifts.SenS.PriceCatalogue}}",
                    "AcceptGift_(O)Book_QueenOfSauce": "{{i18n:Gifts.SenS.QueenOfSauceCookbook}}",
                    "AcceptGift_(O)Book_Diamonds": "{{i18n:Gifts.SenS.TheDiamondHunter}}",
                    "AcceptGift_(O)Book_Mystery": "{{i18n:Gifts.SenS.BookOfMysteries}}",
                    "AcceptGift_(O)Book_AnimalCatalogue": "{{i18n:Gifts.SenS.AnimalCatalogue}}",
                    "AcceptGift_(O)Book_Artifact": "{{i18n:Gifts.SenS.TreasureAppraisalGuide}}",
                    "AcceptGift_(O)Book_Horse": "{{i18n:Gifts.SenS.HorseTheBook}}",
                    "AcceptGift_(O)Book_Grass": "{{i18n:Gifts.SenS.OLSlitherlegs}}",
                    "AcceptGift_(O)418": "{{i18n:Gifts.SenS.Crocus}}",
                    "AcceptGift_(O)203": "{{i18n:Gifts.SenS.StrangeBun}}",
                    "AcceptGift_(O)308": "{{i18n:Gifts.SenS.VoidMayo}}",
                    "AcceptGift_(O)347": "{{i18n:Gifts.SenS.RareDisc}}",
                    "AcceptGift_(O)575": "{{i18n:Gifts.SenS.Obi}}",
                    "AcceptGift_(O)565": "{{i18n:Gifts.SenS.FireOpal}}",
                    "AcceptGift_(O)541": "{{i18n:Gifts.SenS.Aerinite}}",
                    "AcceptGift_(O)578": "{{i18n:Gifts.SenS.StarShards}}",
                    "AcceptGift_(O)72": "{{i18n:Gifts.SenS.Diamond}}",
                    "AcceptGift_(O)124": "{{i18n:Gifts.SenS.GoldenMask}}",
                    "AcceptGift_(O)444": "{{i18n:Gifts.SenS.DuckFeather}}",
                    "AcceptGift_(O)428": "{{i18n:Gifts.SenS.Cloth}}",
                    "AcceptGift_(O)874": "{{i18n:Gifts.SenS.BugSteak}}",
                    "AcceptGift_(O)814": "{{i18n:Gifts.SenS.SquidInk}}",
                    "AcceptGift_(O)721": "{{i18n:Gifts.SenS.Snail}}",
                    "AcceptGift_(O)766": "{{i18n:Gifts.SenS.Slime}}",
                    "AcceptGift_(O)440": "{{i18n:Gifts.SenS.Wool}}",
                    "AcceptGift_(O)276": "{{i18n:Gifts.SenS.Pumpkin}}",
                    "AcceptGift_(O)373": "{{i18n:Gifts.SenS.GoldenPumpkin}}",
                    "AcceptGift_(O)337": "{{i18n:Gifts.SenS.IridiumBar}}",
                    "AcceptGift_(O)769": "{{i18n:Gifts.SenS.VoidEssence}}",
                    "AcceptGift_(O)78": "{{i18n:Gifts.SenS.CaveCarrot}}",
                    "AcceptGift_(O)196": "{{i18n:Gifts.SenS.Salad}}",
                    "AcceptGift_(O)74": "{{i18n:Gifts.SenS.PrismaticShard}}",
                    "AcceptGift_(O)279": "{{i18n:Gifts.SenS.MagicRockCandy}}",
                    "AcceptGift_(O)236": "{{i18n:Gifts.SenS.PumpkinSoup}}",
                    "AcceptGift_(O)233": "{{i18n:Gifts.SenS.IceCream}}",
                    "AcceptGift_(O)221": "{{i18n:Gifts.SenS.Cake}}",
                    "AcceptGift_(O)220": "{{i18n:Gifts.SenS.Cake}}",
                    "AcceptGift_(O)608": "{{i18n:Gifts.SenS.PumpkinPie}}",
                    "AcceptGift_(O)612": "{{i18n:Gifts.SenS.CranberryCandy}}",
                    "AcceptGift_(O)243": "{{i18n:Gifts.SenS.MinersTreat}}",
                    "AcceptGift_(O)208": "{{i18n:Gifts.SenS.GlazedYams}}",
                    "AcceptGift_(O)211": "{{i18n:Gifts.SenS.Pancakes}}",
                    "AcceptGift_(O)223": "{{i18n:Gifts.SenS.Cookie}}",
                    "AcceptGift_(O)252": "{{i18n:Gifts.SenS.RhubarbPie}}",
                    "AcceptGift_(O)258": "{{i18n:Gifts.SenS.BlueberryTart}}",
                    "AcceptGift_(O)238": "{{i18n:Gifts.SenS.CranberrySauce}}",
                    "AcceptGift_(O)604": "{{i18n:Gifts.SenS.PlumPudding}}",
                    "AcceptGift_(O)610": "{{i18n:Gifts.SenS.FruitSalad}}",
                    "AcceptGift_(O)611": "{{i18n:Gifts.SenS.BlackberryCobbler}}",
                    "AcceptGift_(O)651": "{{i18n:Gifts.SenS.PoppyseedMuffin}}",
                    "AcceptGift_(O)731": "{{i18n:Gifts.SenS.MapleBar}}",
                    "AcceptGift_(O)904": "{{i18n:Gifts.SenS.BananaPudding}}",
                    "AcceptGift_(O)905": "{{i18n:Gifts.SenS.MangoStickyRice}}",
                    "AcceptGift_(O)724": "{{i18n:Gifts.SenS.Sweetener}}",
                    "AcceptGift_(O)340": "{{i18n:Gifts.SenS.Sweetener}}",
                    "AcceptGift_(O)245": "{{i18n:Gifts.SenS.Sweetener}}",
                    "AcceptGift_(O)395": "{{i18n:Gifts.SenS.Coffee}}",
                    "AcceptGift_(O)253": "{{i18n:Gifts.SenS.Coffee}}",
                    "AcceptGift_(O)808": "{{i18n:Gifts.SenS.VoidPendant}}",
                    "RejectItem_(O)248": "{{i18n:Gifts.SenS.Garlic}}",
                    "RejectItem_(O)772": "{{i18n:Gifts.SenS.Garlic}}",
                    "RejectItem_(O)121": "{{i18n:Gifts.SenS.DwarfHelm}}",
                    "RejectItem_(O)96": "{{i18n:Gifts.SenS.DwarfScroll}}",
                    "RejectItem_(O)97": "{{i18n:Gifts.SenS.DwarfScroll}}",
                    "RejectItem_(O)98": "{{i18n:Gifts.SenS.DwarfScroll}}",
                    "RejectItem_(O)99": "{{i18n:Gifts.SenS.DwarfScroll}}",
                    "RejectItem_(O)122": "{{i18n:Gifts.SenS.DwarfGadget}}",
                    "RejectItem_(O)554": "{{i18n:Gifts.SenS.LemonStone}}",
                    "RejectItem_(O)305": "{{i18n:Gifts.SenS.VoidEgg}}",
                    "RejectItem_(O)767": "{{i18n:Gifts.SenS.BatWing}}",

                    "AcceptGift_(O)DuchessIvy.ShadowRecipes_Void_Cake": "{{i18n:Gifts.SenS.VoidCake}}",
                    "AcceptGift_(O)DuchessIvy.ShadowRecipes_Pumpkin_Bread": "{{i18n:Gifts.SenS.PumpkinBread}}",
                    "AcceptGift_(O)DuchessIvy.ShadowRecipes_Black_Cherry_Flan": "{{i18n:Gifts.SenS.BlackCherryFlan}}",
                    "AcceptGift_(O)DuchessIvy.ShadowRecipes_Spooky_Sushi": "{{i18n:Gifts.SenS.FishDish}}",
                    "AcceptGift_(O)DuchessIvy.ShadowRecipes_Pumpkin_Latte": "{{i18n:Gifts.SenS.PumpkinLatte}}",
                    "AcceptGift_(O)DuchessIvy.ShadowRecipes_Void_Caviar_Toast": "{{i18n:Gifts.SenS.VoidCaviarToast}}",
                    "AcceptGift_(O)DuchessIvy.ShadowRecipes_Crystal_Float": "{{i18n:Gifts.SenS.CrystalFloat}}",
                    "RejectItem_((O)DuchessIvy.ShadowRecipes_Savory_Squid_Stew": "{{i18n:Gifts.SenS.ContainsGarlic}}",
                    "RejectItem_((O)DuchessIvy.ShadowRecipes_Braised_Midnight_Carp": "{{i18n:Gifts.SenS.ContainsGarlic}}",

                    "AcceptGift_(O)stinkyvicki_BoiledStonefish": "{{i18n:Gifts.SenS.FishDish}}",
                    "AcceptGift_(O)stinkyvicki_CaveGrubDumplings": "{{i18n:Gifts.SenS.CaveGrubDumplings}}",
                    "AcceptGift_(O)stinkyvicki_RoastedBug": "{{i18n:Gifts.SenS.RoastedBug}}",
                    "AcceptGift_(O)stinkyvicki_SlimeEggSouffle": "{{i18n:Gifts.SenS.SlimeEggSouffle}}",
                    "AcceptGift_(O)stinkyvicki_SlimeJellySandwich": "{{i18n:Gifts.SenS.SlimeJellySandwich}}",
                    "AcceptGift_(O)stinkyvicki_SlimeTorte": "{{i18n:Gifts.SenS.SlimeTorte}}",
                    "AcceptGift_(O)stinkyvicki_Slimeade": "{{i18n:Gifts.SenS.Slimeade}}",
                    "RejectItem_(O)stinkyvicki_ExorcismSorbet": "{{i18n:Gifts.SenS.ContainsVoidEssence}}",
                    "RejectItem_(O)stinkyvicki_MonsterMedleyStew": "{{i18n:Gifts.SenS.ContainsVoidEssence}}",
                    "RejectItem_(O)stinkyvicki_ShadowCoffee": "{{i18n:Gifts.SenS.ContainsVoidEssence}}",
                    "RejectItem_(O)stinkyvicki_CaveBatTempura": "{{i18n:Gifts.SenS.ContainsBatWings}}",
                    "RejectItem_(O)stinkyvicki_CheesyBatCasserole": "{{i18n:Gifts.SenS.ContainsBatWings}}",
                    "RejectItem_(O)stinkyvicki_RockCrabHotpot": "{{i18n:Gifts.SenS.ContainsGarlic}}",
                    "RejectItem_(O)stinkyvicki_PrehistoricOmelet": "{{i18n:Gifts.SenS.ContainsGarlic}}",

                    "AcceptGift_(O)sapphicsaph_pitv.PridePop": "{{i18n:Gifts.SenS.PridePop}}",
                    "AcceptGift_(O)sapphicsaph_pitv.GaylacticCookie": "{{i18n:Gifts.SenS.GaylacticCookie}}",
                    "AcceptGift_(O)sapphicsaph_pitv.TastyAceCookie": "{{i18n:Gifts.SenS.TastyAceCookie}}",

                    "AcceptGift_(O)Fellowclown.PC_Button": "{{i18n:Gifts.SenS.Button}}",
                    "AcceptGift_(O)WWWA.GenuineAutograph": "{{i18n:Gifts.SenS.RodneyAutograph}}",
                    "AcceptGift_(O)7thAxis.DitR_Items.SensCrocus": "{{i18n:Gifts.SenS.SensCrocus}}",

                    //birthday
                    "AcceptBirthdayGift_(O)418": "{{i18n:Gifts.SenS.Crocus.Birthday}}",
                    "AcceptBirthdayGift_(O)428": "{{i18n:Gifts.SenS.Cloth.Birthday}}",
                    "AcceptBirthdayGift_(O)373": "{{i18n:Gifts.SenS.GoldenPumpkin.Birthday}}",
                    "AcceptBirthdayGift_(O)72": "{{i18n:Gifts.SenS.Diamond.Birthday}}",
                    "AcceptBirthdayGift_(O)108": "{{i18n:Gifts.SenS.RareDisc.Birthday}}",
                    "AcceptBirthdayGift_(O)248": "{{i18n:Gifts.SenS.Garlic.Birthday}}",
                    "AcceptBirthdayGift_(O)772": "{{i18n:Gifts.SenS.Garlic.Birthday}}",
                    "AcceptBirthdayGift_(O)769": "{{i18n:Gifts.SenS.VoidEssence.Birthday}}",
                    "AcceptBirthdayGift_(O)808": "{{i18n:Gifts.SenS.VoidPendant.Birthday}}",
                    "AcceptBirthdayGift_(O)221": "{{i18n:Gifts.SenS.Cake.Birthday}}",
                    "AcceptBirthdayGift_(O)220": "{{i18n:Gifts.SenS.Cake.Birthday}}",
                    "AcceptBirthdayGift_(O)608": "{{i18n:Gifts.SenS.PumpkinPie.Birthday}}"                    

        }
    }
    ]
}
