{
    "Changes": [
        {
            "Action": "EditData",
            "Target": "Strings/StringsFromCSFiles",
            "Entries": {
                "SenS_Engaged": "{{i18n:Relationship.SenS.Engaged.{{SenPartnershipRoute}}{{SenRomanticNick}}}}",
                "SenS_AfterWedding": "{{i18n:Relationship.SenS.AfterWedding.{{SenPartnershipRoute}}}}"
            }
        },
        {
			"LogName": "Sen Engagement 3 Day Wait Dialogue",
			"Action": "EditData",
			"Target": "Data/EngagementDialogue",
			"Entries": {
				"SenS0": "{{i18n:Relationship.SenS.Engaged.3DayWait.{{SenPartnershipRoute}}.1{{SenRomanticNick}}}}",
				"SenS1": "{{i18n:Relationship.SenS.Engaged.3DayWait.{{SenPartnershipRoute}}.2}}"
			}
		},
        {
            "LogName": "Sen Romance Main Dialogue Keys",
            "Action": "EditData",
            "Target": "Characters/Dialogue/SenS",
            "Entries": {

                //Memory Wipe
                "WipedMemory": "{{i18n:Relationship.SenS.MemoryWiped{{SenRomanticNick}}}}",

                //Stardrop
                "SpouseStardrop": "{{i18n:Relationship.SenS.StarDrop.{{SenPartnershipRoute}}{{SenRomanticNick}}}}",
                
                //Situational
                "SpouseFarmhouseClutter": "{{i18n:Relationship.SenS.KitchenBlocked.{{Random:{{Range: 1, 2}}}}{{SenRomanticNick}}}}",
                "Spouse_MonstersInHouse": "{{i18n:Relationship.SenS.MonstersInHouse.{{Random:{{Range: 1, 2}}}}{{SenRomanticNick}}}}",
                "SpouseGiftJealous": "{{i18n:Relationship.SenS.JealousyOveride{{SenRomanticNick}}}}",

                //Bouquet
                "RejectBouquet_Divorced": "{{i18n:Relationship.SenS.Rejection.Divorced{{SenRomanticNick}}}}",
                "RejectBouquet": "{{i18n:Core.SenS.BouquetRejection.{{Random:{{Range: 1, 2}}}}{{SenRomanticNick}}}}",
                "AcceptBouquet": "{{i18n:Relationship.SenS.BouquetAccept.{{Random:{{Range: 1, 2}}}}{{SenRomanticNick}}}}",

                //Reject Pendant
                "RejectMermaidPendant_Divorced": "{{i18n:Relationship.SenS.Rejection.Divorced{{SenRomanticNick}}}}",
                "RejectMermaidPendant_NeedHouseUpgrade": "{{i18n:Relationship.SenS.PendantRejection.NeedHouseUpgrade{{SenRomanticNick}}}}",
                "RejectMermaidPendant_NpcWithSomeoneElse": "{{i18n:Relationship.SenS.PendantRejection.NpcWithSomeoneElse{{SenRomanticNick}}}}",
                "RejectMermaidPendant_PlayerWithSomeoneElse": "{{i18n:Relationship.SenS.PendantRejection.PlayerWithSomeoneElse{{SenRomanticNick}}}}",
                "RejectMermaidPendant_Under8Hearts": "{{i18n:Relationship.SenS.PendantRejection.1{{SenRomanticNick}}}}",
                "RejectMermaidPendant_Under10Hearts": "{{i18n:Relationship.SenS.PendantRejection.2{{SenRomanticNick}}}}",
                "RejectMermaidPendant_Under10Hearts_AskedAgain": "{{i18n:Relationship.SenS.PendantPester.{{Random:{{Range: 1, 2}}}}{{SenRomanticNick}}}}",
                "RejectMermaidPendant": "{{i18n:Relationship.SenS.PendantRejection.{{Random:{{Range: 1, 2}}}}{{SenRomanticNick}}}}",

                //Flower Dance
                "FlowerDance_Accept_Spouse": "{{i18n:Relationship.SenS.DanceAccept.Spouse{{SenRomanticNick}}}}",
                "FlowerDance_Accept_Roommate": "{{i18n:Relationship.SenS.DanceAccept.Roommate{{SenRomanticNick}}}}",
                "FlowerDance_Accept": "{{i18n:Relationship.SenS.DanceAccept{{SenRomanticNick}}}}",
                "FlowerDance_Decline": "{{i18n:Relationship.SenS.DanceRejection{{SenRomanticNick}}}}",
                "divorced": "{{i18n:Relationship.SenS.Divorced{{SenRomanticNick}}}}",
                "breakUp": "{{i18n:Relationship.SenS.BreakUp}}"
            }
        },
        {
            "Action": "EditData",
            "Target": "Strings/StringsFromCSFiles",
            "Priority": "Late + 1",
            "Entries": {
                "Utility.cs.5367": "{{i18n:Relationship.SenS.MarriageEvent.1{{SenRomanticNick}}}}", //Wedding speech M
                "Utility.cs.5369": "{{i18n:Relationship.SenS.MarriageEvent.1{{SenRomanticNick}}}}", //Wedding speech F
                "Utility.cs.5371": "{{i18n:Relationship.SenS.MarriageEvent.2{{SenRomanticNick}}}}", //Pronounce u partners
                "Utility.cs.5373": "{{i18n:Relationship.SenS.MarriageEvent.2{{SenRomanticNick}}}}", //Pronounce u partners
                "Utility.cs.5375": "{{i18n:Relationship.SenS.MarriageEvent.2{{SenRomanticNick}}}}", //Pronounce u partners
                "Utility.cs.5377": "{{i18n:Relationship.SenS.MarriageEvent.2}}" //Pronounce u partners
            },
            "When": { "Relationship:SenS": "Engaged" }
        },
        {
            "LogName": "Relationship Dialogue",
            "Action": "EditData",
            "Target": "Characters/Dialogue/MarriageDialogueSenS, Characters/Dialogue/MarriageDialogueSenSRoommate",
            "Entries": {
                //Location
                "patio_SenS": "{{i18n:Relationship.SenS.Patio.{{SenPartnershipRoute}}.{{Random:{{Range: 1, 4}}}}{{SenRomanticNick}}}}",
                "spouseRoom_SenS": "{{i18n:Relationship.SenS.SpouseRoom.{{SenPartnershipRoute}}.{{Random:{{Range: 1, 4}}}}{{SenRomanticNick}}{{RelationshipTokens}}}}",
                "funLeave_SenS": "{{i18n:Relationship.SenS.FunLeave.{{SenPartnershipRoute}}.{{Random:{{Range: 1, 4}}}}{{SenRomanticNick}}}}",
                "funReturn_SenS": "{{i18n:Relationship.SenS.FunReturn.{{SenPartnershipRoute}}.{{Random:{{Range: 1, 4}}}}{{SenRomanticNick}}}}",

                //GENERIC DIALOGUE
                "Rainy_Day_SenS": "{{i18n:Relationship.SenS.RainyDay.1{{SenRomanticNick}}}}",
                "Rainy_Day_0": "{{i18n:Relationship.SenS.RainyDay.2{{SenRomanticNick}}}}",
                "Rainy_Day_1": "{{i18n:Relationship.SenS.RainyDay.3{{SenRomanticNick}}}}",
                "Rainy_Day_2": "{{i18n:Relationship.SenS.RainyDay.4{{SenRomanticNick}}}}",
                "Rainy_Day_3": "{{i18n:Relationship.SenS.RainyDay.5{{SenRomanticNick}}}}",
                "Rainy_Day_4": "{{i18n:Relationship.SenS.RainyDay.6.{{SenPartnershipRoute}}{{SenRomanticNick}}}}",
                "Rainy_Day_5": "{{i18n:Relationship.SenS.RainyDay.7.{{SenPartnershipRoute}}{{SenRomanticNick}}}}",

                "Rainy_Night_SenS": "{{i18n:Relationship.SenS.RainyNight.1{{SenRandTokens}}{{SenRomanticNick}}}}",
                "Rainy_Night_0": "{{i18n:Relationship.SenS.RainyNight.2{{SenRandTokens}}{{SenRomanticNick}}}}",
                "Rainy_Night_1": "{{i18n:Relationship.SenS.RainyNight.3{{SenRandTokens}}{{SenRomanticNick}}}}",
                "Rainy_Night_2": "{{i18n:Relationship.SenS.RainyNight.4{{SenRomanticNick}}}}",
                "Rainy_Night_3": "{{i18n:Relationship.SenS.RainyNight.5{{SenRomanticNick}}}}",
                "Rainy_Night_4": "{{i18n:Relationship.SenS.RainyNight.6.{{SenPartnershipRoute}}{{SenRomanticNick}}}}",
                "Rainy_Night_5": "{{i18n:Relationship.SenS.RainyNight.7.{{SenPartnershipRoute}}{{SenRomanticNick}}}}",

                "Indoor_Day_SenS": "{{i18n:Relationship.SenS.IndoorDay.1.{{Random:{{Range: 1, 5}}}}.{{SenPartnershipRoute}}{{SenRomanticNick}}}}",
                "Indoor_Day_0": "{{i18n:Relationship.SenS.IndoorDay.2{{SenRomanticNick}}}}",
                "Indoor_Day_1": "{{i18n:Relationship.SenS.IndoorDay.3{{SenRandTokens}}{{SenRomanticNick}}}}",
                "Indoor_Day_2": "{{i18n:Relationship.SenS.IndoorDay.4{{SenRomanticNick}}}}",
                "Indoor_Day_3": "{{i18n:Relationship.SenS.IndoorDay.5{{SenRomanticNick}}}}",
                "Indoor_Day_4": "{{i18n:Relationship.SenS.IndoorDay.6.{{SenPartnershipRoute}}{{SenRomanticNick}}}}",
                "Indoor_Day_5": "{{i18n:Relationship.SenS.IndoorDay.7.{{SenPartnershipRoute}}{{SenRomanticNick}}}}",

                "Indoor_Night_SenS": "{{i18n:Relationship.SenS.IndoorNight.1.{{Random:{{Range: 1, 5}}}}.{{SenPartnershipRoute}}{{SenRomanticNick}}{{RelationshipTokens}}}}",
                "Indoor_Night_0": "{{i18n:Relationship.SenS.IndoorNight.2{{SenRomanticNick}}}}",
                "Indoor_Night_1": "{{i18n:Relationship.SenS.IndoorNight.3{{SenRomanticNick}}}}",
                "Indoor_Night_2": "{{i18n:Relationship.SenS.IndoorNight.4{{SenRomanticNick}}}}",
                "Indoor_Night_3": "{{i18n:Relationship.SenS.IndoorNight.5{{SenRomanticNick}}}}",
                "Indoor_Night_4": "{{i18n:Relationship.SenS.IndoorNight.6.{{SenPartnershipRoute}}{{SenRomanticNick}}}}",
                "Indoor_Night_5": "{{i18n:Relationship.SenS.IndoorNight.7.{{SenPartnershipRoute}}{{SenRomanticNick}}}}",

                "Outdoor_SenS": "{{i18n:Relationship.SenS.Outdoor.1{{SenRomanticNick}}}}",
                "Outdoor_0": "{{i18n:Relationship.SenS.Outdoor.2{{SenRomanticNick}}}}",
                "Outdoor_1": "{{i18n:Relationship.SenS.Outdoor.3}}{{i18n:Relationship.SenS.Outdoor.3.Bird.{{Random:{{Range: 1, 4}}}}{{SenRomanticNick}}}}",
                "Outdoor_2": "{{i18n:Relationship.SenS.Outdoor.4{{SenRomanticNick}}}}",
                "Outdoor_3": "{{i18n:Relationship.SenS.Outdoor.5.{{SenPartnershipRoute}}{{SenRomanticNick}}}}",
                "Outdoor_4": "{{i18n:Relationship.SenS.Outdoor.6.{{SenPartnershipRoute}}{{SenRomanticNick}}}}",

                "OneKid_0": "{{i18n:Relationship.SenS.OneKid.1{{SenRomanticNick}}}}",
                "OneKid_1": "{{i18n:Relationship.SenS.OneKid.2{{SenRomanticNick}}}}",
                "OneKid_2": "{{i18n:Relationship.SenS.OneKid.3{{SenRomanticNick}}}}",
                "OneKid_3": "{{i18n:Relationship.SenS.OneKid.4{{SenRomanticNick}}}}",
                "OneKid_4": "{{i18n:Relationship.SenS.OneKid.5{{SenRomanticNick}}}}",

                "TwoKids_0": "{{i18n:Relationship.SenS.TwoKid.1{{SenRomanticNick}}}}",
                "TwoKids_1": "{{i18n:Relationship.SenS.TwoKid.2{{SenRomanticNick}}}}",
                "TwoKids_2": "{{i18n:Relationship.SenS.TwoKid.3{{SenRomanticNick}}}}",
                "TwoKids_3": "{{i18n:Relationship.SenS.TwoKid.4}}{{i18n:Relationship.SenS.TwoKidAction.{{Random:{{Range: 1, 4}}}}{{SenRomanticNick}}}}",
                "TwoKids_4": "{{i18n:Relationship.SenS.TwoKid.5.{{SenPartnershipRoute}}{{SenRomanticNick}}}}",

                //AFFECTION DIALOGUE
                "Good_0": "{{i18n:Relationship.SenS.Positive.1.{{SenPartnershipRoute}}{{SenRomanticNick}}}}",
                "Good_1": "{{i18n:Relationship.SenS.Positive.2.{{SenPartnershipRoute}}{{SenRomanticNick}}}}",
                "Good_2": "{{i18n:Relationship.SenS.Positive.3.{{SenPartnershipRoute}}{{SenRomanticNick}}}}",
                "Good_3": "{{i18n:Relationship.SenS.Positive.4.{{SenPartnershipRoute}}{{SenRomanticNick}}}}",
                "Good_4": "{{i18n:Relationship.SenS.Positive.5.{{SenPartnershipRoute}}{{SenRomanticNick}}}}",
                "Good_5": "{{i18n:Relationship.SenS.Positive.6.{{SenPartnershipRoute}}{{SenRomanticNick}}}}",
                "Good_6": "{{i18n:Relationship.SenS.Positive.7.{{SenPartnershipRoute}}{{SenRomanticNick}}}}",
                "Good_7": "{{i18n:Relationship.SenS.Positive.8.{{SenPartnershipRoute}}{{SenRomanticNick}}}}",
                "Good_8": "{{i18n:Relationship.SenS.Positive.9.{{SenPartnershipRoute}}{{SenRomanticNick}}}}",
                "Good_9": "{{i18n:Relationship.SenS.Positive.10.{{SenPartnershipRoute}}{{SenRomanticNick}}}}",

                "Neutral_0": "{{i18n:Relationship.SenS.Neutral.1{{SenRomanticNick}}}}",
                "Neutral_1": "{{i18n:Relationship.SenS.Neutral.2{{SenRomanticNick}}}}",
                "Neutral_2": "{{i18n:Relationship.SenS.Neutral.3{{SenRomanticNick}}}}",
                "Neutral_3": "{{i18n:Relationship.SenS.Neutral.4{{SenRomanticNick}}}}",
                "Neutral_4": "{{i18n:Relationship.SenS.Neutral.5{{SenRomanticNick}}}}",
                "Neutral_5": "{{i18n:Relationship.SenS.Neutral.6{{SenRomanticNick}}}}",
                "Neutral_6": "{{i18n:Relationship.SenS.Neutral.7{{SenRomanticNick}}}}",
                "Neutral_7": "{{i18n:Relationship.SenS.Neutral.8{{SenRomanticNick}}}}",
                "Neutral_8": "{{i18n:Relationship.SenS.Neutral.9{{SenRomanticNick}}}}",
                "Neutral_9": "{{i18n:Relationship.SenS.Neutral.10{{SenRomanticNick}}}}",

                "Bad_0": "{{i18n:Relationship.SenS.Negative.1{{SenRomanticNick}}}}",
                "Bad_1": "{{i18n:Relationship.SenS.Negative.2{{SenRomanticNick}}}}",
                "Bad_2": "{{i18n:Relationship.SenS.Negative.3{{SenRomanticNick}}}}",
                "Bad_3": "{{i18n:Relationship.SenS.Negative.4{{SenRomanticNick}}}}",
                "Bad_4": "{{i18n:Relationship.SenS.Negative.5{{SenRomanticNick}}}}",
                "Bad_5": "{{i18n:Relationship.SenS.Negative.6{{SenRomanticNick}}}}",
                "Bad_6": "{{i18n:Relationship.SenS.Negative.7{{SenRomanticNick}}}}",
                "Bad_7": "{{i18n:Relationship.SenS.Negative.8{{SenRomanticNick}}}}",
                "Bad_8": "{{i18n:Relationship.SenS.Negative.9{{SenRomanticNick}}}}",
                "Bad_9": "{{i18n:Relationship.SenS.Negative.10{{SenRomanticNick}}}}",

                //SPECIAL DATES   
                "spring_SenS": "{{i18n:Relationship.SenS.Spring{{SenRomanticNick}}}}",
                "spring_12": "{{i18n:Relationship.SenS.Spring.Day.12{{SenRomanticNick}}}}", //Day before Egg festival
                "spring_13": "{{i18n:Relationship.SenS.Spring.Day.13{{SenRomanticNick}}}}", // Egg festival
                "spring_20": "{{i18n:Relationship.SenS.Spring.Day.20{{SenRomanticNick}}}}",
                "spring_23": "{{i18n:Relationship.SenS.Spring.Day.23{{SenRomanticNick}}}}", // Day Before Flower Dance
                "spring_24": "{{i18n:Relationship.SenS.Spring.Day.24.{{SenPartnershipRoute}}{{SenRomanticNick}}}}", //Flower Dance

                "summer_SenS": "{{i18n:Relationship.SenS.Summer{{SenRomanticNick}}}}",
                "summer_10": "{{i18n:Relationship.SenS.Summer.Day.10{{SenRomanticNick}}}}", // Day before Luau
                "summer_11": "{{i18n:Relationship.SenS.Summer.Day.11{{SenRomanticNick}}}}", // Luau
                "summer_27": "{{i18n:Relationship.SenS.Summer.Day.27{{SenRomanticNick}}}}", //Day before Moonlight Jelly
                "summer_28": "{{i18n:Relationship.SenS.Summer.Day.28{{SenRomanticNick}}}}", //Moonlight Jelly

                "fall_SenS": "{{i18n:Relationship.SenS.Fall{{SenRomanticNick}}}}",
                "fall_15": "{{i18n:Relationship.SenS.Fall.Day.15.{{SenPartnershipRoute}}{{SenRomanticNick}}}}", //Day before stardew fair
                "fall_16": "{{i18n:Relationship.SenS.Fall.Day.16.{{SenPartnershipRoute}}{{SenRomanticNick}}}}", //Stardew Fair
                "fall_26": "{{i18n:Relationship.SenS.Fall.Day.26{{SenRomanticNick}}}}", //Day before Spirits Eve
                "fall_27": "{{i18n:Relationship.SenS.Fall.Day.27{{SenRomanticNick}}}}", //Spirits Eve

                "winter_SenS": "{{i18n:Relationship.SenS.Winter{{SenRomanticNick}}}}",
                "winter_7": "{{i18n:Relationship.SenS.Winter.Day.7{{SenRomanticNick}}}}", //day before ice festival
                "winter_8": "{{i18n:Relationship.SenS.Winter.Day.8{{SenRomanticNick}}}}", //ice festival
                "winter_25": "{{i18n:Relationship.SenS.Winter.Day.25.{{SenPartnershipRoute}}{{SenRomanticNick}}}}", //Winter Star
                "winter_28": "{{i18n:Relationship.SenS.Winter.Day.28.{{SenPartnershipRoute}}}}" //Day before new year
            }
        },
        {
            "LogName": "Dialogue changes post-partners",
            "Action": "EditData",
            "Target": "Characters/Dialogue/SenS",
            "Entries": {
                "NoBed_0": "{{i18n:Relationship.SenS.NoBed.1{{SenRomanticNick}}}}",
                "NoBed_1": "{{i18n:Relationship.SenS.NoBed.2{{SenRomanticNick}}}}",
                "NoBed_2": "{{i18n:Relationship.SenS.NoBed.3{{SenRomanticNick}}}}",
                "NoBed_3": "{{i18n:Relationship.SenS.NoBed.4{{SenRomanticNick}}}}",
                "AcceptGift_(O)808": "{{i18n:Gifts.SenS.VoidPendant.Relationship{{SenRomanticNick}}}}",
                "AcceptGift_(O)874": "{{i18n:Gifts.SenS.BugSteak.Relationship{{SenRomanticNick}}}}",
                "AcceptBirthdayGift_(O)769": "{{i18n:Gifts.SenS.VoidPendant.Birthday.Relationship}}"
            },
            "When": { "LivingWithSen": true }           
        },
        {
            "LogName": "Extra Dialogue",
            "Action": "EditData",
            "Target": "Data/ExtraDialogue",
            "Entries": {
                "SummitEvent_Intro_Spouse": "{{i18n:Relationship.SenS.SummitEvent.1{{SenRomanticNick}}}}", //greeting
                "SummitEvent_Intro2_Spouse": "{{i18n:Relationship.SenS.SummitEvent.2{{SenRomanticNick}}}}",
                "SummitEvent_Intro2_Spouse_Gruff": "{{i18n:Relationship.SenS.SummitEvent.2{{SenRomanticNick}}}}", //Only used if male, make same as SummitEvent_Intro2_Spouse
                //spouse turn left
                "SummitEvent_Dialogue1_Spouse": "{{i18n:Relationship.SenS.SummitEvent.3{{SenRomanticNick}}}}",
                "SummitEvent_Dialogue1B_Spouse": "{{i18n:Relationship.SenS.SummitEvent.4{{SenRomanticNick}}}}",
                "SummitEvent_Dialogue2_Spouse": "{{i18n:Relationship.SenS.SummitEvent.5{{SenRomanticNick}}}}",
                //spouse turn up
                "SummitEvent_Dialogue3_SenS": "{{i18n:Relationship.SenS.SummitEvent.6{{SenRomanticNick}}}}", //change to NPC internal name
                //roll credits
                "SummitEvent_closingmessage": "{{i18n:Relationship.SenS.SummitEvent.7{{SenRomanticNick}}}}",

                "NewChild_FirstChild": "{{i18n:Relationship.SenS.NewChild.{{Random:{{Range: 1, 2}}}}{{SenRomanticNick}}}}",
                "NewChild_SecondChild1": "{{i18n:Relationship.SenS.NewChild.{{Random:{{Range: 1, 2}}}}{{SenRomanticNick}}}}",
                "NewChild_SecondChild2": "{{i18n:Relationship.SenS.NewChild.{{Random:{{Range: 1, 2}}}}{{SenRomanticNick}}}}",
                "NewChild_Adoption": "{{i18n:Relationship.SenS.NewChild.{{Random:{{Range: 1, 2}}}}}}"
            },
            "When": { "LivingWithSen": true }      
        },
        {
            "LogName": "Have Shadow Kids Dialogue False",
            "Action": "EditData",
            "Target": "Strings/StringsFromCSFiles",
            "Entries": {
                "NPC.cs.4448": "{{i18n:Relationship.SenS.AdoptionRemark{{SenRomanticNick}}}}", //Pregnancy adoption edit
                "NPC.cs.4440": "{{i18n:Relationship.SenS.AdoptionRemark{{SenRomanticNick}}}}", //Adoption 1 
                "NPC.cs.4441": "{{i18n:Relationship.SenS.AdoptionRemark}}" //Adoption 2
            },
            "When":{
                "Spouse": "SenS",
                "Have Shadow Kids":false 
            }
        },
        {
            "LogName": "Have Shadow Kids Dialogue False 2",
            "Action": "EditData",
            "Target": "Strings/Events",
            "Entries": {
                "HaveBabyQuestion": "{{i18n:Relationship.SenS.AdoptionQuestion{{SenRomanticNick}}}}",
                "BirthMessage_PlayerMother": "{{i18n:Relationship.SenS.AdoptionMessage}}"
            },
            "When":{
                "Spouse": "SenS",
                "Have Shadow Kids":false
            }
        },
        {
            "LogName": "Have Shadow Kids Dialogue True",
            "Action": "EditData",
            "Target": "Strings/StringsFromCSFiles",
            "Entries": {
                "NPC.cs.4448": "{{i18n:Relationship.SenS.BabyRemark{{SenRomanticNick}}}}",
                "NPC.cs.4440": "{{i18n:Relationship.SenS.BabyRemark{{SenRomanticNick}}}}", 
                "NPC.cs.4441": "{{i18n:Relationship.SenS.BabyRemark}}" //Gonna have a baby 2
            },
            "When":{
                "Spouse": "SenS",
                "Have Shadow Kids":true 
            }
        },
        {
            "LogName": "Have Shadow Kids Dialogue True 2",
            "Action": "EditData",
            "Target": "Strings/Events",
            "Entries": {
                "HaveBabyQuestion": "{{i18n:Relationship.SenS.BabyQuestion{{SenRomanticNick}}}}",
                "BirthMessage_PlayerMother": "{{i18n:Relationship.SenS.BabyMessage}}"
            },
            "When":{
                "Spouse": "SenS",
                "Have Shadow Kids":true
            }
        }
    ]
}