{
    "Changes": [
        {
            "LogName": "Krobus Commentary about Sen",
            "Action": "EditData",
            "Target": "Characters/Dialogue/Krobus",
            "Priority": "Late",
            "Entries":     { 
                "{{Season}}_{{Day}}_{{YearCheck}}": "{{i18n:Krobus.SenS.Reveal.{{Random:{{Range: 1, 4}}}}}}"
            },
            "When": {
                "DayOfWeek |contains=Friday": false,
                "Relationship:SenS |contains=Unmet": false,
                "Query: {{Random: {{Range: 1, 15}}|key=KSD}} = 1": true
             }
        },
        {
            "LogName": "Sen Dialogue for Krobus",
            "Action": "EditData",
            "Target": "Characters/Dialogue/Krobus",
            "Entries": {
                "DitR_CT_SenMet": "{{i18n:Krobus.SenS.SenMet}}",
                "DitR_CT_DreamReveal": "{{i18n:Krobus.SenS.DreamReveal}}",
                "DitR_CT_ShadowPlay": "{{i18n:Krobus.SenS.ShadowPlay}}",
                "DitR_CT_GardenWaitTime": "{{i18n:Krobus.SenS.GardenWaitTime}}",
                "DitR_CT_GardenCompleted": "{{i18n:Krobus.SenS.GardenCompleted}}",
                "DitR_CT_FamilyFlashback": "{{i18n:Krobus.SenS.FamilyFlashback}}",
                "DitR_CT_MineFlashback": "{{i18n:Krobus.SenS.MineFlashback}}",
                "DitR_CT_TheConfrontation": "{{i18n:Krobus.SenS.TheConfrontation}}",
                "DitR_CT_SkrellEpilogue": "{{i18n:Krobus.SenS.SkrellEpilogue}}",
                "DitR_CT_SensFlowers": "{{i18n:Krobus.SenS.SensFlowers}}"
            },
            "When": { "DayOfWeek |contains=Friday": false }  
        },
        {
            "LogName": "Sen Dialogue for Dwarf",
            "Action": "EditData",
            "Target": "Characters/Dialogue/Dwarf, Characters/Dialogue/Wizard",
            "Entries": {
                "DitR_CT_SenMet": "{{i18n:{{TargetWithoutPath}}.SenS.SenMet}}",
                "DitR_CT_DreamReveal": "{{i18n:{{TargetWithoutPath}}.SenS.DreamReveal}}",
                "DitR_CT_ShadowPlay": "{{i18n:{{TargetWithoutPath}}.SenS.ShadowPlay}}",
                "DitR_CT_GardenWaitTime": "{{i18n:{{TargetWithoutPath}}.SenS.GardenWaitTime}}",
                "DitR_CT_GardenCompleted": "{{i18n:{{TargetWithoutPath}}.SenS.GardenCompleted}}",
                "DitR_CT_FamilyFlashback": "{{i18n:{{TargetWithoutPath}}.SenS.FamilyFlashback}}",
                "DitR_CT_MineFlashback": "{{i18n:{{TargetWithoutPath}}.SenS.MineFlashback}}",
                "DitR_CT_TheConfrontation": "{{i18n:{{TargetWithoutPath}}.SenS.TheConfrontation}}",
                "DitR_CT_SkrellEpilogue": "{{i18n:{{TargetWithoutPath}}.SenS.SkrellEpilogue}}",
                "DitR_CT_SensFlowers": "{{i18n:{{TargetWithoutPath}}.SenS.SensFlowers}}"
            }
        },
        {
            "LogName": "The Great Bear(?) Fiasco",
            "Action": "EditData",
            "Target": "Characters/Dialogue/Haley, Characters/Dialogue/Alex, Characters/Dialogue/Elliott, Characters/Dialogue/Harvey, Characters/Dialogue/Sam, Characters/Dialogue/Abigail, Characters/Dialogue/Leah, Characters/Dialogue/Maru, Characters/Dialogue/Penny, Characters/Dialogue/Caroline, Characters/Dialogue/Demetrius, Characters/Dialogue/Clint, Characters/Dialogue/Evelyn, Characters/Dialogue/George, Characters/Dialogue/Gus, Characters/Dialogue/Jas, Characters/Dialogue/Jodi, Characters/Dialogue/Kent, Characters/Dialogue/Lewis, Characters/Dialogue/Linus, Characters/Dialogue/Marnie, Characters/Dialogue/Pam, Characters/Dialogue/Pierre, Characters/Dialogue/Robin, Characters/Dialogue/Vincent, Characters/Dialogue/Willy, Characters/Dialogue/Sebastian, Characters/Dialogue/Shane, Characters/Dialogue/Emily, Characters/Dialogue/GuntherSilvian, Characters/Dialogue/MarlonFay, Characters/Dialogue/MorrisTod",
            "Entries": {
                "DitR_CT_ShadowPlay": "{{i18n:{{TargetWithoutPath}}.SenS.ShadowPlay}}"
            } 
        },
        {
            "Action": "EditData",
            "Target": "Strings/StringsFromCSFiles",
            "Entries": {
                "TriedToMarryButKrobus": "{{i18n:Krobus.SenS.TriedToMarryButKrobus}}"
            }
        }
    ]
}