{
	"Changes": [
 //---------------------------- RAND SCHEDULES ------------------------------------------//
//---Schedule 1---//	
		{
			"LogName": "Sen Schedule Mine Vanilla",
			"Action": "EditData",
			"Target": "Characters/schedules/SenS",
			"Entries": {
				"{{WeekDay}}":"
					0 Mine 13 8/
					610 13 8 sens_read/
					900 13 10 3/ 
					1100 24 4 sens_read/
					1300 13 10 3/
					1500 12 5 sens_map/
					1700 Mountain 79 30 3/
					1800 93 34 1/
					1900 31 21 0/
					2100 45 20 1/
					2300 67 21 sens_read
				",
			},
			"When": {  "SenScheduleRandomizer": 1 }
		},
		{
			"LogName": "Sen Schedule Mine SVE",
			"Action": "EditData",
			"Target": "Characters/schedules/SenS",
			"Entries": {
				"{{WeekDay}}":"
					0 Mine 13 8/
					610 13 8 sens_read/
					900 13 10 3/
					1100 24 4 sens_read/
					1300 13 10 3/
					1500 12 5 sens_map/
					1700 Custom_AdventurerSummit 13 20 3/
					1900 17 28 3/2100 Mountain 65 14 2/
					2300 42 15 1
				",
			},
			"When": { 
				"SenScheduleRandomizer": 1,
				"HasMod: |contains=FlashShifter.StardewValleyExpandedCP": true
			 }
		},
//---Schedule 2---//
		{
			"LogName": "Sen Schedule DeepDark+Orchard",
			"Action": "EditData",
			"Target": "Characters/schedules/SenS",
			"Entries": {
				"{{WeekDay}}":"
					0 EastScarp_DeepDark 25 17/
					700 21 22 sens_read/900 28 19 0/
					1100 23 20 sens_crochet/
					1300 18 17 3/
					1500 21 21 sens_wigglesit/
					1700 EastScarp_Orchard 2 15/
					1900 EastScarp_OrchardHouse 13 19 0/
					2100 13 19 sens_read/
					2300 1 8 sens_wigglesit
				",
			},
			"When": {  "SenScheduleRandomizer": 2, 
					   "HasSeenEvent |contains=63070010, 57875010": true  }
		},
//---Schedule 3---//
		{
			"LogName": "Sen Schedule Town Vanilla 1",
			"Action": "EditData",
			"Target": "Characters/schedules/SenS",
			"Entries": {
				"{{WeekDay}}":"
					0 Town 102 15/
					610 102 15 sens_read/
					900 99 9 sens_read/
					1100 98 4 3/
					1300 98 4 sens_read/
					1500 99 9 sens_map/
					1700 97 81 0/
					1900 109 91 3/
					2100 55 85 1/
					2300 37 96 sens_crochet
				",
			},
			"When": {  "SenScheduleRandomizer": 3 }
		},
		{
			"LogName": "Sen Schedule Town SVE 1",
			"Action": "EditData",
			"Target": "Characters/schedules/SenS",
			"Entries": {
				"{{WeekDay}}":"
					0 Town 99 30/
					610 99 30 sens_read/
					1100 100 19 sens_read/
					1300 101 14 sens_crochet/
					1500 98 4 sens_read/
					1700 70 11 sens_wigglesit/
					1900 63 15 sens_wigglesit/
					2100 39 14 2/
					2300 26 23 2
					",
			},
			"When": { 
				"SenScheduleRandomizer": 3,
				"HasMod: |contains=FlashShifter.StardewValleyExpandedCP": true
			 }
		},
//---Schedule 4---//
		{
			"LogName": "Sen Schedule DeepDark+ES Wander 1",
			"Action": "EditData",
			"Target": "Characters/schedules/SenS",
			"Entries": {
				"{{WeekDay}}":"
					0 EastScarp_DeepDark 25 17/
					700 21 22 sens_read/
					900 28 19 0/
					1100 23 20 sens_crochet/
					1300 18 17 3/
					1500 21 21 sens_wigglesit/
					1700 EastScarp_Village 46 20 3/
					1800 38 14/
					1900 37 10 1/
					2000 64 6 0/
					2100 54 40 sens_wigglesit/
					2300 47 40 sens_wigglesit
				",
			},
			"When": {  "SenScheduleRandomizer": 4 }
		},
//---Schedule 5---//
		{
			"LogName": "Sen Schedule Forest Vanilla 1",
			"Action": "EditData",
			"Target": "Characters/schedules/SenS",
			"Entries": {
				"{{WeekDay}}":"
					0 Forest 99 100/
					610 99 100 sens_crochet/
					900 93 100 sens_read/
					1100 116 90/
					1300 104 74 3/
					1500 104 73 sens_crochet/
					1700 33 96/
					1900 58 87/
					2100 38 61/
					2300 107 35 0
				",
			},
			"When": {  "SenScheduleRandomizer": 5 }
		},
		{
			"LogName": "Sen Schedule Forest SVE 1",
			"Action": "EditData",
			"Target": "Characters/schedules/SenS",
			"Entries": {
				"{{WeekDay}}":"
					0 Forest 99 100/
					610 99 100 sens_read/
					1100 116 90 sens_crochet/
					1300 112 81 sens_read/
					1500 94 64 sens_read/
					1700 80 30 2/
					1900 77 7 sens_read/
					2100 38 9 sens_wigglesit/
					2300 34 25 2
				",
			},
			"When": { 
				"SenScheduleRandomizer": 5,
				"HasMod: |contains=FlashShifter.StardewValleyExpandedCP": true
			}
		},
//---Schedule 6---//
		{
			"LogName": "Sen Schedule Sewer",
			"Action": "EditData",
			"Target": "Characters/schedules/SenS",
			"Entries": {
				"{{WeekDay}}":"
					0 Sewer 32 16/
					610 32 17/
					900 31 19 0/
					1100 17 28/
					1300 31 19 0/
					1400 8 21 0/
					1500 30 17/
					1700 31 19 0/
					1900 16 16 sens_read/
					2100 4 27 1/
					2300 24 22
				",
			},
			"When": {  "SenScheduleRandomizer": 6 }
		},
//---Schedule 7---//
		{
			"LogName": "Sen Schedule Orchard + ES",
			"Action": "EditData",
			"Target": "Characters/schedules/SenS",
			"Entries": {
				"{{WeekDay}}":"
					0 EastScarp_OrchardHouse 1 8 sens_wigglesit/
					900 13 19 0/
					1100 12 21 sens_read/
					1300 EastScarp_Orchard 35 4 sens_read/
					1500 12 14 2 sens_read/
					1900 EastScarp_Village 54 40 sens_wigglesit/
					2100 39 76 0/
					2300 25 103 sens_wigglesit/
					2430 24 62
				",
			},
			"When": {  "SenScheduleRandomizer": 7,
						"HasSeenEvent |contains=63070010, 57875010": true  }
		},
//---Schedule 8---//
		{
			"LogName": "Sen Schedule Town Vanilla 2",
			"Action": "EditData",
			"Target": "Characters/schedules/SenS",
			"Entries": {
				"{{WeekDay}}":"
					0 Town 102 15/
					610 102 15 sens_read/
					900 99 9 sens_read/
					1100 98 4 3/
					1300 98 4 sens_read/
					1500 99 9 sens_map/
					1700 Beach 19 5/
					1900 46 24/
					2100 42 34 sens_wigglesit/
					2300 52 6 sens_wigglesit
				",
			},
			"When": {  "SenScheduleRandomizer": 8 }
		},
		{
			"LogName": "Sen Schedule Town SVE 2",
			"Action": "EditData",
			"Target": "Characters/schedules/SenS",
			"Entries": {
				"{{WeekDay}}":"
					0 Town 51 10/
					610 51 10 sens_read/
					1100 58 9 sens_crochet/
					1300 67 4 2/
					1500 58 9 sens_read/
					1700 67 4 2/
					1900 70 11 sens_wigglesit/
					2100 Mountain 20 36 2/
					2300 25 24 2
				",
			},
			"When": { 
				"SenScheduleRandomizer": 8,
				"HasMod: |contains=FlashShifter.StardewValleyExpandedCP": true
			}
		},
//---Schedule 9---//
		{
			"LogName": "Sen Schedule DeepDark+ES Wander 2",
			"Action": "EditData",
			"Target": "Characters/schedules/SenS",
			"Entries": {
				"{{WeekDay}}":"
					0 EastScarp_DeepDark 25 17/
					700 21 22 sens_read/
					900 28 19 0/
					1100 23 20 sens_crochet/
					1300 18 17 3/
					1500 21 21 sens_wigglesit/
					1700 EastScarp_Village 61 113/
					1900 71 120/
					2100 31 101 sens_wigglesit/
					2300 21 83 2 sens_read
				",
			},
			"When": {  "SenScheduleRandomizer": 9 }
		},
//---Schedule 10---//
		{
			"LogName": "Sen Schedule Town Vanilla 3",
			"Action": "EditData",
			"Target": "Characters/schedules/SenS",
			"Entries": {
				"{{WeekDay}}":"
					0 Town 41 9/
					610 41 9 sens_read/
					900 58 9 1/
					1100 48 13 sens_crochet/
					1300 41 9 3/
					1500 60 10 sens_crochet/
					1700 63 15 sens_wigglesit/
					1900 71 11 sens_wigglesit/
					2100 78 93 sens_wigglesit/
					2300 43 77 sens_wigglesit
				",
			},
			"When": {  "SenScheduleRandomizer": 10 }
		},
		{
			"LogName": "Sen Schedule Town SVE 3",
			"Action": "EditData",
			"Target": "Characters/schedules/SenS",
			"Entries": {
				"{{WeekDay}}":"
					0 Town 99 30/
					610 99 30 sens_read/
					1100 100 19 sens_read/
					1300 101 14 sens_crochet/
					1500 98 4 sens_read/
					1700 89 50 0/
					1900 90 82 0/
					2100 55 85 1/
					2300 43 77 sens_wigglesit
				",
			},
			"When": { 
				"SenScheduleRandomizer": 10,
				"HasMod: |contains=FlashShifter.StardewValleyExpandedCP": true
			}
		},
//---Schedule 11---//
		{
			"LogName": "Sen Schedule DeepDark+ES Wander 3",
			"Action": "EditData",
			"Target": "Characters/schedules/SenS",
			"Entries": {
				"{{WeekDay}}":"
					0 EastScarp_DeepDark 25 17/
					700 21 22 sens_read/
					900 28 19 0/
					1100 23 20 sens_crochet/
					1300 18 17 3/
					1500 21 21 sens_wigglesit/
					1700 EastScarp_Village 61 113/
					1900 71 120/
					2100 31 101 sens_wigglesit/
					2300 21 83 2 sens_read
				",
			},
			"When": {  "SenScheduleRandomizer": 11 }
		},
//---Schedule 12---//
		{
			"LogName": "Sen Schedule Tunnel",
			"Action": "EditData",
			"Target": "Characters/schedules/SenS",
			"Entries": {
				"{{WeekDay}}":"
					0 Tunnel 23 7/
					610 Tunnel 23 7 sens_read/
					900 10 7 sens_crochet/
					1100 17 8 0/
					1300 37 9 sens_read/
					1500 7 9 3/
					1700 20 11/
					1900 10 7 sens_read/
					2100 23 7/2300 10 7
				",
			},
			"When": {  "SenScheduleRandomizer": 12 }
		}
	]
}