{
    "Changes": [
        {
            "LogName": "Skrell and Ebb Arrival Mail",
			"Action": "EditData",
			"Target": "Data/mail",
			"Entries": {
				"DitR_M_ShadowVisitation": "{{i18n:Core.SenS.Mail.ShadowVisitation}}[#]{{i18n:Core.SenS.Mail.ShadowVisitation.Title}}"
			}
		},
        {
            "LogName": "Send Skrell Mail",
            "Action": "EditData",
            "Target": "Data/TriggerActions",
            "Entries": {
    
                "DitR_TriggerActions.ShadowVisitationMail": {
                    "Trigger": "DayEnding",
                    "Id": "DitR_TriggerActions.ShadowVisitationMail",
                    "Condition": "PLAYER_HAS_SEEN_EVENT Current 7thAxis.DitR_Events.SenS.10h.P3",
                    "Actions": [ "AddMail Current DitR_M_ShadowVisitation tomorrow" ]
                }
            }
        },
        {
            "LogName": "Load Skrell and Ebb Fake NPCs",
            "Action": "EditData",
            "Target": "Data/FarmAnimals",
            "Entries": {
                "LitD.Skrell": {
                    "DisplayName": "{{i18n:Core.SenS.Name.Skrell}}",
                    "House": "ILLEGAL! NO SKRELL ON YOUR FARM!",
                    "PurchasePrice": -1,
                    "SellPrice": 0,
                    "RequiredBuilding": "ILLEGAL! NO SKRELL ON YOUR FARM!",
                    "Sound": "shadowpeep",
                    "Texture": "Characters/Skrell",
                    "UseFlippedRightForLeft": false,
                    "SpriteWidth": 16,
                    "SpriteHeight": 32,
                    "ShadowWhenBaby": { "Visible": false },
                    "ShadowWhenAdult": { "Visible": false },
                    "ShowInSummitCredits": false
                },

                "LitD.Ebb": {
                    "DisplayName": "{{i18n:Core.SenS.Name.Ebb}}",
                    "House": "ILLEGAL! NO EBB ON YOUR FARM!",
                    "PurchasePrice": -1,
                    "SellPrice": 0,
                    "RequiredBuilding": "ILLEGAL! NO EBB ON YOUR FARM!",
                    "Texture": "Characters/Ebb",
                    "UseFlippedRightForLeft": false,
                    "SpriteWidth": 16,
                    "SpriteHeight": 32,
                    "ShadowWhenBaby": { "Visible": false },
                    "ShadowWhenAdult": { "Visible": false },
                    "ShowInSummitCredits": false
                }
            }
        },
        {
            "LogName": "Spawn Skrell and Ebb Fake NPCs",
            "Action": "EditData",
            "Target": "MEEP/FarmAnimals/SpawnData",
            "Entries": {
                "LitD.Skrell_Cave": {
                    "AnimalId": "LitD.Skrell",
                    "Age": 1,
                    "LocationId": "EastScarp_DeepDark",
                    "DisplayName": "{{i18n:Core.SenS.Name.Skrell}}",
                    "PortraitTexture": "Portraits/Skrell",
                    "PetMessage": [ "{{i18n:Core.FakeNPC.Skrell.Dialogue.{{Random: {{Range: 1, 16}}}}}}" ],
                    "HomeTileX": 19,
                    "HomeTileY": 18,
                    "Condition": "PLAYER_HAS_SEEN_EVENT Current 7thAxis.DitR_Events.SenS.10h.P3, ANY \"WEATHER EastScarp_Village Rain\" \"DAY_OF_WEEK Sun Sat\""
                },

                "LitD.Ebb_Cave": {
                    "AnimalId": "LitD.Ebb",
                    "Age": 1,
                    "LocationId": "EastScarp_DeepDark",
                    "DisplayName": "{{i18n:Core.SenS.Name.Ebb}}",
                    "PortraitTexture": "Portraits/Ebb",
                    "PetMessage": [ "{{i18n:Core.FakeNPC.Ebb.Dialogue.{{Random: {{Range: 1, 16}}}}}}" ],
                    "HomeTileX": 26,
                    "HomeTileY": 21,
                    "Condition": "PLAYER_HAS_SEEN_EVENT Current 7thAxis.DitR_Events.SenS.10h.P3, ANY \"WEATHER EastScarp_Village Rain\" \"DAY_OF_WEEK Sun Sat\""
                }
            }
        }
    ]
}