{
    "Changes": [
//----------------EGG FESTIVAL------------------//
        {
            "Action": "EditData",
            "Target": "Data/Festivals/spring13", //egg festival
            "TextOperations": [
                {
                    "Operation": "Append",
                    "Target": [ "Entries", "Set-Up_additionalCharacters{{FestivalYearCheck}}" ],
                    "Value": "SenS 37 96 2",
                    "Delimiter": "/"
                },
                     {
                    "Operation": "Append",
                    "Target": [ "Entries", "MainEvent_additionalCharacters{{FestivalYearCheck}}" ],
                    "Value": "SenS 37 96 2",
                    "Delimiter": "/"
                }
            ]
        },
//----------------FLOWER DANCE------------------//
        {
            "Action": "EditData",
            "Target": "Data/Festivals/spring24", //flower dance
            "TextOperations": [
                {
                    "Operation": "Append",
                    "Target": [ "Entries", "Set-Up_additionalCharacters{{FestivalYearCheck}}" ],
                    "Value": "SenS 49 32 2",
                    "Delimiter": "/"
                },
                {
                    "Operation": "Append",
                    "Target": [ "Entries", "MainEvent_additionalCharacters{{FestivalYearCheck}}" ],
                    "Value": "SenS 21 33 0",
                    "Delimiter": "/"
                }
            ]
        },
//----------------LUAU------------------//
        {
            "Action": "EditData",
            "Target": "Data/Festivals/summer11", //luau
            "TextOperations": [
                {
                    "Operation": "Append",
                    "Target": [ "Entries", "Set-Up_additionalCharacters{{FestivalYearCheck}}" ],
                    "Value": "SenS 53 22 2",
                    "Delimiter": "/"
                },
                {
                    "Operation": "Append",
                    "Target": [ "Entries", "MainEvent_additionalCharacters" ],
                    "Value": "SenS 41 22 2",
                    "Delimiter": "/"
                },
                {
                    "Operation": "Append",
                    "Target": [ "Entries", "MainEvent_additionalCharacters_y2" ],
                    "Value": "SenS 35 19 2",
                    "Delimiter": "/"
                }
            ]
        },
//----------------MOONLIGHT JELLY------------------//
        {
            "Action": "EditData",
            "Target": "Data/Festivals/summer28", //moonlight jelly
            "TextOperations": [
                {
                    "Operation": "Append",
                    "Target": [ "Entries", "Set-Up_additionalCharacters{{FestivalYearCheck}}" ],
                    "Value": "SenS 46 24 2",
                    "Delimiter": "/"
                }
            ]
        },
        {
            "Action": "EditData",
            "Target": "Data/Festivals/summer28", //moonlight jelly
            "TextOperations": [
                {
                    "Operation": "Append",
                    "Target": [ "Entries", "Set-Up_additionalCharacters_y2" ],
                    "Value": "SenS 51 25 2",
                    "Delimiter": "/"
                }
            ],
            "When": { "HasMod: |contains=FlashShifter.StardewValleyExpandedCP": true }
        },
//----------------SDV FAIR------------------//
        {
            "Action": "EditData",
            "Target": "Data/Festivals/fall16", //fair
            "TextOperations": [
                {
                    "Operation": "Append",
                    "Target": [ "Entries", "Set-Up_additionalCharacters{{FestivalYearCheck}}" ],
                    "Value": "SenS 56 52 2",
                    "Delimiter": "/"
                }
            ]
        },
        {
            "Action": "EditData",
            "Target": "Data/Festivals/fall16", //fair
            "TextOperations": [
                {
                    "Operation": "Append",
                    "Target": [ "Entries", "Set-Up_additionalCharacters" ],
                    "Value": "SenS 49 32 2",
                    "Delimiter": "/"
                },
                {
                    "Operation": "Append",
                    "Target": [ "Entries", "Set-Up_additionalCharacters_y2" ],
                    "Value": "SenS 27 30 2",
                    "Delimiter": "/"
                }
            ],
            "When": { "HasMod: |contains=FlashShifter.StardewValleyExpandedCP": true }
        },
//----------------SPIRITS EVE------------------//
        {
            "Action": "EditData",
            "Target": "Data/Festivals/fall27", //spirits eve
            "TextOperations": [
                {
                    "Operation": "Append",
                    "Target": [ "Entries", "Set-Up_additionalCharacters" ],
                    "Value": "SenS 32 16 2",
                    "Delimiter": "/"
                },
                {
                    "Operation": "Append",
                    "Target": [ "Entries", "Set-Up_additionalCharacters_y2" ],
                    "Value": "SenS 64 16 3",
                    "Delimiter": "/"
                }
            ],
            "When": { "HasMod: |contains=FlashShifter.StardewValleyExpandedCP": false }
        },
        {
            "Action": "EditData",
            "Target": "Data/Festivals/fall27", //spirits eve
            "TextOperations": [
                {
                    "Operation": "Append",
                    "Target": [ "Entries", "Set-Up_additionalCharacters" ],
                    "Value": "SenS 73 4 2",
                    "Delimiter": "/"
                },
                {
                    "Operation": "Append",
                    "Target": [ "Entries", "Set-Up_additionalCharacters_y2" ],
                    "Value": "SenS 62 17 2",
                    "Delimiter": "/"
                }
            ],
            "When": { "HasMod: |contains=FlashShifter.StardewValleyExpandedCP": true }
        },
//----------------ICE FESTIVAL------------------//
        {
            "Action": "EditData",
            "Target": "Data/Festivals/winter8", //ice festival
            "TextOperations": [
                {
                    "Operation": "Append",
                    "Target": [ "Entries", "Set-Up_additionalCharacters{{FestivalYearCheck}}" ],
                    "Value": "SenS 57 42 2",
                    "Delimiter": "/"
                }
            ]
        },
//----------------WINTER STAR------------------//
        {
            "Action": "EditData",
            "Target": "Data/Festivals/winter25", //feast of the winter star
            "TextOperations": [
                {
                    "Operation": "Append",
                    "Target": [ "Entries", "Set-Up_additionalCharacters{{FestivalYearCheck}}" ],
                    "Value": "SenS 47 71 2",
                    "Delimiter": "/"
                }
            ]
        },
//----------------RSV GATHERING------------------//
        {
            "Action": "EditData",
            "Target": "Data/Festivals/fall20", //Ridgeside Gathering
            "TextOperations": [
                {
                    "Operation": "Append",
                    "Target": [ "Entries", "Set-Up_additionalCharacters" ],
                    "Value": "SenS 127 35 2",
                    "Delimiter": "/"
                 },    
                 {
                    "Operation": "Append",
                    "Target": [ "Entries", "MainEvent_additionalCharacters" ],
                    "Value": "SenS 76 49 0",
                    "Delimiter": "/"
                }
            ],
            "When": { "HasMod: |contains=Rafseazz.RSVCP": true }
        },
//----------------RSV EMBER OF RESOLUTIONS------------------//
        {
            "Action": "EditData",
            "Target": "Data/Festivals/winter28", //Ridgeside Ember
            "TextOperations": [
                {
                    "Operation": "Append",
                    "Target": [ "Entries", "Set-Up_additionalCharacters" ],
                    "Value": "SenS 40 25 2",
                    "Delimiter": "/"
                 },      
                 {
                    "Operation": "Append",
                    "Target": [ "Entries", "MainEvent_additionalCharacters" ],
                    "Value": "SenS 25 47 1",
                    "Delimiter": "/"
                }
            ],
            "When": { "HasMod: |contains=Rafseazz.RSVCP": true }
        },
//----------------SURFING FESTIVAL------------------//
        {
            "Action": "EditData",
            "Target": "Data/Festivals/summer5", //Surfing Festival
            "TextOperations": [
                {
                    "Operation": "Append",
                    "Target": [ "Entries", "Set-Up_additionalCharacters" ],
                    "Value": "SenS 28 4 2",
                    "Delimiter": "/"
                 }
            ],
            "When": { "HasMod: |contains=spacechase0.SurfingFestival": true }
        },
//----------------FASHION FESTIVAL------------------//
        {
            "Action": "EditData",
            "Target": "Data/Festivals/spring19", //Fashion Festival
            "TextOperations": [
                {
                    "Operation": "Append",
                    "Target": [ "Entries", "Set-Up_additionalCharacters" ],
                    "Value": "SenS 63 16 2",
                    "Delimiter": "/"
                 },     
                 {
                    "Operation": "Append",
                    "Target": [ "Entries", "MainEvent_additionalCharacters" ],
                    "Value": "SenS 47 33 0",
                    "Delimiter": "/"
                }
            ],
            "When": { "HasMod: |contains=UNA.FF.CP": true }
        },
//----------------LOVE FESTIVAL------------------//
        {
            "Action": "EditData",
            "Target": "Data/Festivals/winter13", //Love Festival
            "TextOperations": [
                {
                    "Operation": "Append",
                    "Target": [ "Entries", "Set-Up_additionalCharacters" ],
                    "Value": "SenS 48 70 2",
                    "Delimiter": "/"
                 }
            ],
            "When": { "HasMod: |contains=AvalonMFX.LoveFestival": true }
        },
//----------------MARKETPAOOLZA------------------//
        {
            "Action": "EditData",
            "Target": "Data/Festivals/fall3", //Marketpalooza
            "TextOperations": [
                {
                    "Operation": "Append",
                    "Target": [ "Entries", "Set-Up_additionalCharacters" ],
                    "Value": "SenS 6 22 2",
                    "Delimiter": "/"
                 }
            ],
            "When": {
                "HasMod: |contains=Fellowclown.PC": true,  "HasFlag|contains=Fellowclown.PC_Marketpalooza.Mail": true
            }
        },
//----------------FIREWORKS FESTIVAL------------------//
        {
            "Action": "EditData",
            "Target": "Data/Festivals/summer20", //Fireworks Festival
            "TextOperations": [
                {
                    "Operation": "Append",
                    "Target": [ "Entries", "Set-Up_additionalCharacters" ],
                    "Value": "SenS 22 24 2",
                    "Delimiter": "/"
                 }
            ],
            "When": { "HasMod: |contains=violetlizabet.FireworksFestival": true }
        },
//----------------FESTIVAL OF THE MUNDANE------------------//
		{
			"LogName": "Sen Schedule Mundane Festival",
			"Action": "EditData",
			"Target": "Characters/schedules/SenS",
			"Entries": {
				"fall_27": "0 Sewer 6 20/610 6 20 2" //Day of Festival of the Mundane
			},
			"When": {
                "LivingWithSen": false,
				"HasMod: |contains=MouseyPounds.ShadowFestival": true 
			}
		}
    ]
}