{
    "Changes": [
        //Sen Defaults       
        {
            "Action": "Load",
            "Target": "Portraits/SenS, Portraits/SenS_Default",
            "FromFile": "Assets/Portraits/{{Portrait Style}}/Main/SenS.png"
        },
        {
            "Action": "Load",
            "Target": "Characters/SenS, Characters/SenS_Default",
            "FromFile": "Assets/Characters/Main/SenS.png"
        },
        //Other
        {
            "Action": "Load",
            "Target": "Portraits/SenS_Kid, Portraits/SenS_Bow, Portraits/SenS_Cloak",
            "FromFile": "Assets/Portraits/{{Portrait Style}}/Main/{{TargetWithoutPath}}.png"
        },
        {
            "Action": "Load",
            "Target": "Characters/SenS_Kid, Characters/SenS_Bow,Characters/SenS_Cloak",
            "FromFile": "Assets/Characters/Main/{{TargetWithoutPath}}.png"
        },
        //Festivals
        {
            "Action": "Load",
            "Target": "Characters/SenS_EggFest, Characters/SenS_FlowerDance, Characters/SenS_Holiday, Characters/SenS_LoveFest, Characters/SenS_Luau, Characters/SenS_MoonlightJelly, Characters/SenS_Senough, Characters/SenS_SpiritsEve, Characters/SenS_StardewFair, Characters/SenS_SurfingFest",
            "FromFile": "Assets/Characters/Festivals/{{TargetWithoutPath}}.png"
        },

    //Edit images - god i hate how many of these there are
    //Most are here bc I had issues with appearances working for one reason or another
        {
            "LogName": "Cloak Married",
            "Action": "EditImage",
            "Target": "Characters/SenS",
            "FromFile": "Assets/Characters/Main/SenS_Cloak.png",
            "Update": "OnLocationChange",
            "When": {
                "IsOutdoors": true,
                "LivingWithSen": true
            }
        },
        {
            "LogName": "Misc Cloak Sprites",
            "Action": "EditImage",
            "Target": "Characters/SenS",
            "FromFile": "Assets/Characters/Main/SenS_Cloak.png",
            "Update": "OnLocationChange",
            "When": {
                "LocationName": "MovieTheater, Temp, Hospital",
                "IsOutdoors": false
            }
        },
        {
            "LogName": "Misc Cloak Portraits",
            "Action": "EditImage",
            "Target": "Portraits/SenS",
            "FromFile": "Assets/Portraits/{{Portrait Style}}/Main/SenS_Cloak.png",
            "Update": "OnLocationChange",
            "When": {
                "LocationName": "MovieTheater, Temp, Hospital",
                "IsOutdoors": false
            }
        },
        {
            "LogName": "Senbrella Overworld farm",
            "Action": "EditImage",
            "Target": "Characters/SenS",
            "FromFile": "Assets/Characters/Main/SenS_Senbrella.png",
            "Update": "OnLocationChange",
            "When": {
                "LocationName": "Farm",
                "LivingWithSen": true
            }
        },
        {
            "LogName": "Senbrella Overworld", 
            "Action": "EditImage",
            "Target": "Characters/SenS",
            "FromFile": "Assets/Characters/Main/SenS_Senbrella.png",
            "Update": "OnTimeChange, OnLocationChange",
            "When": {
                "IsOutdoors": true,
                "LivingWithSen": false,
                "Weather": "Sun, Wind, Snow",
                "Time": "{{Range: 1700, 1930}}",
                "TodaysDate: |contains=winter 15, winter 16, winter 17": false
            }
        },
        //TEMP ACTORS
        {
            "Action": "Load",
            "Target": "Characters/Skrell, Characters/Ebb",
            "FromFile": "Assets/Characters/FakeNPCs/{{TargetWithoutPath}}.png"
        },
        {
            "Action": "Load",
            "Target": "Portraits/Skrell, Portraits/Ebb",
            "FromFile": "Assets/Portraits/{{Portrait Style}}/FakeNPCs/{{TargetWithoutPath}}.png"
        },
        //SENLETS
        {           
            "Action": "Load",
            "Target": "Characters/Baby, Characters/Baby_dark",
            "FromFile": "Assets/{{TargetPathOnly}}/Kids/TheBaby.png",
            "When":  { "Spouse": "SenS", "Have Shadow Kids": true }
        },
        {           
            "Action": "Load",
            "Target": "Characters/Toddler_girl, Characters/Toddler_girl_Dark",
            "FromFile": "Assets/{{TargetPathOnly}}/Kids/ToddlerFreya.png",
            "When": { "Spouse": "SenS", "Have Shadow Kids": true }
        },
        {           
            "Action": "Load",
            "Target": "Characters/Toddler, Characters/Toddler_Dark",
            "FromFile": "Assets/{{TargetPathOnly}}/Kids/ToddlerLoki.png",
            "When":  { "Spouse": "SenS", "Have Shadow Kids": true }
        },
        //RESHADE
        {           
            "Action": "Load",
            "Target": "Characters/Krobus, Characters/SeaMonsterKrobus, Characters/Monsters/Shadow Brute, Characters/Monsters/Shadow Brute_dangerous, Characters/Monsters/Shadow Shaman, Characters/Monsters/Shadow Sniper",
            "FromFile": "Assets/Reshade/{{TargetWithoutPath}}.png",
            "When": { "Reshade Existing Shadows": true }
        },
        //ITEMS AND CROPS
        {           
            "Action": "Load",
            "Target": "Textures/7thAxis.LitD/Objects, Textures/7thAxis.LitD/Crops, Textures/7thAxis.LitD/Furniture",
            "FromFile": "Assets/Items/{{TargetWithoutPath}}.png"
        },

        //Animations
        {
            "LogName": "Sen Animations",
            "Action": "EditData",
            "Target": "Data/animationdescriptions",
            "Entries": {
                "sens_read": "16/16 17 18 19 16 16 16 16 16 16 16 16 16 16 16 16 16 16 16 16 16 16 16 16 16 16 16/16",
                "sens_wigglesit": "20/20 21 21 22 22 23 23 20/20//laying_down",
                "sens_map": "24/24 24 24 24 24 24 25 26 25 26 25 24 24 24 24 24 24 24 24 24/24//laying_down",
                "sens_crochet": "29/29 30 30 30 30 30 29 29 29 29 29/29",
                "sens_sit": "20/20 20 20/20//laying_down"
            }
        },
        //NPC Map Locations
        {
            "Action": "EditData",
            "Target": "Mods/Bouhm.NPCMapLocations/NPCs",
            "Entries": { "SenS": { "MarkerCropOffset": 5 } },
            "When": {  "HasMod: |contains=Bouhm.NPCMapLocations": true }
        }
    ]
}